{"cameraMode":{"drawMode":0,"name":"Shaded","section":"Shading Mode"},"sceneLighting":false,"audioPlay":false,"sceneViewState":{"showFog":true,"showMaterialUpdate":false,"showSkybox":true,"showFlares":true,"showImageEffects":true,"showParticleSystems":true},"in2DMode":false,"pivot":{"x":41.283851623535159,"y":-16.34027099609375,"z":65.49076080322266},"rotation":{"x":-0.13519279658794404,"y":-0.5266687870025635,"z":0.08527089655399323,"w":-0.8349083065986633},"size":22.695091247558595,"orthographic":false}